Workbook

Sheet Data
A1: Date | B1: NIFTY 50 Close | C1: NIFTY 50 Adj Close | D1: Pidilite Close (INR) | E1: Pidilite Adj Close (INR) | F1: NIFTY 50 Daily Return % | G1: Pidilite Daily Return %
A2: 44445 | B2: 17377.8 | C2: 17377.8 | D2: 1170.7 | E2: 1138.87
A3: 44446 | B3: 17362.1 | C3: 17362.1 | D3: 1167.88 | E3: 1136.12 | F3: =C3/C2-1 | G3: =E3/E2-1
A4: 44447 | B4: 17353.5 | C4: 17353.5 | D4: 1156.65 | E4: 1125.2 | F4: =C4/C3-1 | G4: =E4/E3-1
A5: 44448 | B5: 17369.25 | C5: 17369.25 | D5: 1174.12 | E5: 1142.2 | F5: =C5/C4-1 | G5: =E5/E4-1
A6: 44452 | B6: 17355.3 | C6: 17355.3 | D6: 1198.5 | E6: 1165.91 | F6: =C6/C5-1 | G6: =E6/E5-1
A7: 44453 | B7: 17380 | C7: 17380 | D7: 1204.43 | E7: 1171.67 | F7: =C7/C6-1 | G7: =E7/E6-1
A8: 44454 | B8: 17519.45 | C8: 17519.45 | D8: 1200.38 | E8: 1167.73 | F8: =C8/C7-1 | G8: =E8/E7-1
A9: 44455 | B9: 17629.5 | C9: 17629.5 | D9: 1200.53 | E9: 1167.88 | F9: =C9/C8-1 | G9: =E9/E8-1
A10: 44456 | B10: 17585.15 | C10: 17585.15 | D10: 1184.22 | E10: 1152.02 | F10: =C10/C9-1 | G10: =E10/E9-1
A11: 44459 | B11: 17396.9 | C11: 17396.9 | D11: 1180.72 | E11: 1148.62 | F11: =C11/C10-1 | G11: =E11/E10-1
A12: 44460 | B12: 17562 | C12: 17562 | D12: 1215.38 | E12: 1182.33 | F12: =C12/C11-1 | G12: =E12/E11-1
A13: 44461 | B13: 17546.65 | C13: 17546.65 | D13: 1209 | E13: 1176.12 | F13: =C13/C12-1 | G13: =E13/E12-1
A14: 44462 | B14: 17822.95 | C14: 17822.95 | D14: 1217.5 | E14: 1184.39 | F14: =C14/C13-1 | G14: =E14/E13-1
... A1236: 46268 | B1236: 23873.45 | C1236: 23873.45 | D1236: 1638.3 | E1236: 1638.3 | F1236: =C1236/C1235-1 | G1236: =E1236/E1235-1

Sheet Regression
A1: Pidilite Industries vs NIFTY 50 — Daily Return Regression
A2: OLS fit: Pidilite daily return (y) = slope x NIFTY 50 daily return (x) + intercept
A3: Regression results
A4: Slope (beta vs NIFTY 50) | B4: =SLOPE(Data!$G$3:$G$1236,Data!$F$3:$F$1236) | C4: Change in Pidilite's daily return per 1 unit change in NIFTY 50's daily return
A5: Intercept (alpha, daily) | B5: =INTERCEPT(Data!$G$3:$G$1236,Data!$F$3:$F$1236) | C5: Average daily return not explained by the index
A6: R-squared | B6: =RSQ(Data!$G$3:$G$1236,Data!$F$3:$F$1236) | C6: Share of Pidilite's daily variance explained by the index
A7: Correlation (Pearson r) | B7: =CORREL(Data!$G$3:$G$1236,Data!$F$3:$F$1236) | C7: Square root of R-squared
A8: Standard error of slope | B8: =STEYX(Data!$G$3:$G$1236,Data!$F$3:$F$1236)/SQRT(DEVSQ(Data!$F$3:$F$1236)) | C8: Sampling error of the slope estimate
A9: t-statistic of slope | B9: =B4/B8 | C9: Slope divided by its standard error; |t| > 2 is significant at ~5%
A10: Observations (n) | B10: =COUNT(Data!$G$3:$G$1236) | C10: Trading days with a return for both series
A12: Descriptive statistics
A13: Mean daily return - NIFTY 50 | B13: =AVERAGE(Data!$F$3:$F$1236)
A14: Mean daily return - Pidilite | B14: =AVERAGE(Data!$G$3:$G$1236)
A15: Daily volatility - NIFTY 50 | B15: =STDEV(Data!$F$3:$F$1236) | C15: Sample standard deviation of daily returns
A16: Daily volatility - Pidilite | B16: =STDEV(Data!$G$3:$G$1236) | C16: Sample standard deviation of daily returns
A17: Annualised volatility - NIFTY 50 | B17: =B15*SQRT($B$23)
A18: Annualised volatility - Pidilite | B18: =B16*SQRT($B$23)
A19: Covariance (sample) | B19: =SUMPRODUCT((Data!$F$3:$F$1236-AVERAGE(Data!$F$3:$F$1236))*(Data!$G$3:$G$1236-AVERAGE(Data!$G$3:$G$1236)))/(B10-1) | C19: Sample covariance of the two return series
A20: Variance of NIFTY 50 (sample) | B20: =VAR(Data!$F$3:$F$1236)
A21: Slope cross-check (Cov / Var) | B21: =B19/B20 | C21: Must equal the SLOPE result above
A23: Trading days per year (assumption) | B23: 252 | C23: Standard convention for annualising Indian equity volatility

Sheet Notes
A1: Sources, definitions and assumptions
A3: Instruments
A4: NIFTY 50 (x axis) | B4: Yahoo Finance symbol ^NSEI — NSE India benchmark index.
A5: Pidilite (y axis) | B5: Yahoo Finance symbol PIDILITIND.NS — Pidilite Industries Ltd, NSE India. Interpreted as the requested 'Pidilite Inc'; there is no separately listed entity by that exact name.
A7: Data
A8: Source | B8: Yahoo Finance chart API (query1.finance.yahoo.com/v8/finance/chart), range=5y, interval=1d, retrieved 2026-09-05.
A9: Period covered | B9: 2021-09-06 to 2026-09-03 (5 years of daily bars).
A10: Rows on Data sheet | B10: 1235 trading days common to both series; 1234 daily returns (the first date has no prior close).
A11: Alignment | B11: Dates are inner-joined, so only sessions on which both the index and the stock traded are kept. This avoids spurious zero or stale returns on non-common holidays.
A12: Prices | B12: Both raw Close and Adjusted Close are shown. Adjusted Close is corrected for splits and dividends.
A14: Calculations
A15: Daily % return | B15: (Adjusted Close today / Adjusted Close previous session) - 1, computed on Adjusted Close so the series is a total return. Stored as a fraction and displayed as a percentage.
A16: Slope | B16: Ordinary least squares SLOPE(y, x) with NIFTY 50 returns as x and Pidilite returns as y. This is Pidilite's raw (unadjusted) beta against the NIFTY 50.
A17: Units | B17: Slope is unit-free: it is identical whether both series are expressed as fractions or as percentages.
A18: Annualisation | B18: Daily volatility x SQRT(252). 252 trading days per year is an assumption, set in cell Regression!B21.
A20: Verification
A21: Independent check | B21: The workbook's cells hold live formulas, not pasted numbers, and Excel recalculates them on open. The same regression computed independently in Python (numpy least squares) at build time gave: n = 1234 | slope (beta) = 0.6887 | intercept = 0.0182% per day | R-squared = 0.1967 | correlation = 0.4435. The Regression sheet's 'Slope cross-check (Cov / Var)' cell is a second, in-sheet check that must match the SLOPE result.
A22: Recalculation | B22: This file was written by openpyxl, which stores formulas without cached results. Full-calculation-on-load is set, so Excel or LibreOffice fills in every value the first time the file is opened.
A24: Caveats
A25: Raw beta | B25: No Blume or Vasicek adjustment and no risk-free rate is subtracted; this is a total-return beta, not a CAPM excess-return beta.
A26: Stability | B26: Beta estimated over a 5-year window is a single point estimate and is not stable over sub-periods.
